-- EQUIPMENTS
INSERT INTO public.fitness_equipment (id, name, alternative_name, description, type, link_to_image, link_to_thumbnail) VALUES ('c2db8252-82b5-4cc8-a226-17987c2f4137', 'Gym Bench', 'Bench', 'A gym bench is a piece of fitness equipment designed to support weightlifting activities.\nIt is typically padded for comfort and made sturdy, often from a steel or iron frame, to support significant weight. It''s constructed to be long enough to accommodate a person lying down with their head, back, and buttocks in contact with the bench.\nThe bench is generally flat and positioned at a comfortable height that allows the user to reach up and lift a barbell (or other weights) from a rack above. Some benches are adjustable, offering various angles for incline or decline bench press exercises which target different areas of the chest muscles.', 'Bilateral', 'https://ensaludoptima-images.s3.amazonaws.com/equipments/main/bench.jpg', 'https://ensaludoptima-images.s3.amazonaws.com/equipments/thumbnails/bench-thumbnail.jpg');
INSERT INTO public.fitness_equipment (id, name, alternative_name, description, type, link_to_image, link_to_thumbnail) VALUES ('238aec4e-29f3-451e-8d9b-564dd6a587e9', 'Dumbbells', 'Dumbbell', 'Dumbbells are a type of weight training and fitness equipment. Each dumbbell typically consists of two weights attached to a short handle, with the weights evenly distributed on either side. The handle is typically designed to fit comfortably in the hand, allowing the user to lift and lower the dumbbell in a controlled manner.\nThey''re commonly used in pairs, one in each hand, and can be used for a wide variety of exercises, targeting different muscle groups. For instance, they can be used for bicep curls, tricep extensions, shoulder presses, and lunges, to name just a few exercises.', 'Unilateral', 'https://ensaludoptima-images.s3.amazonaws.com/equipments/main/dumbbells.jpg', 'https://ensaludoptima-images.s3.amazonaws.com/equipments/thumbnails/dumbbells-thumbnail.jpg');
INSERT INTO public.fitness_equipment (id, name, alternative_name, description, type, link_to_image, link_to_thumbnail) VALUES ('a0dd3171-3222-4de5-9f8b-edf514ef7186', 'Resistance Bands', 'Bands', 'Resistance bands are flexible bands made from rubber or latex that are used for strength training and physical therapy. They provide resistance when stretched, helping to strengthen and tone muscles through a wide variety of exercises.\nResistance bands come in various lengths, strengths, and sizes, with different levels of resistance to suit different fitness levels and specific exercises. Some are flat strips, while others are tubular, often with handles at each end for better grip. Some bands are even looped in a circle, typically referred to as loop bands or mini bands.', 'Unilateral', 'https://ensaludoptima-images.s3.amazonaws.com/equipments/main/resistance-bands.jpg', 'https://ensaludoptima-images.s3.amazonaws.com/equipments/thumbnails/resistance-bands-thumbnail.jpg');
INSERT INTO public.fitness_equipment (id, name, alternative_name, description, type, link_to_image, link_to_thumbnail) VALUES ('eccf86af-2a9e-4695-a9db-fe3a3c2a2746', 'Barbell', 'Bar', 'The barbell is a type of weight training equipment that consists of a long bar, usually made of steel, with weights attached at each end. The center of the bar, where it is held, is often knurled to improve grip. The weights at the ends of the bar are removable and adjustable so that the user can change the total weight of the barbell to suit their strength or the specific exercise they are doing.\nThe barbell is used in a variety of weight lifting exercises, including the bench press, squat, deadlift, and overhead press. It''s a versatile piece of equipment and a staple in most gyms. It is also used in competitive sports like weightlifting and powerlifting.', 'Bilateral', 'https://ensaludoptima-images.s3.amazonaws.com/equipments/main/barbell.jpg', 'https://ensaludoptima-images.s3.amazonaws.com/equipments/thumbnails/barbell-thumbnail.jpg');
INSERT INTO public.fitness_equipment (id, name, alternative_name, description, type, link_to_image, link_to_thumbnail) VALUES ('8adf46da-07fc-453d-ab1b-7501c14b1d97', 'Kettlebells', 'Kettlebell', 'A kettlebell is a type of weight used in strength and conditioning training. Its distinctive feature is a compact, ball-like weight with a single looped handle at the top. This design allows for a variety of grip positions and movements that aren''t as easy to perform with other forms of weights.\nKettlebells come in a range of sizes and weights, allowing individuals to select the appropriate load for their strength level and the specific exercise they are performing. They''re commonly used for exercises like kettlebell swings, goblet squats, snatches, and clean and jerks, among others.', 'Unilateral', 'https://ensaludoptima-images.s3.amazonaws.com/equipments/main/kettlebell.jpg', 'https://ensaludoptima-images.s3.amazonaws.com/equipments/thumbnails/kettlebell-thumbnail.jpg');
INSERT INTO public.fitness_equipment (id, name, alternative_name, description, type, link_to_image, link_to_thumbnail) VALUES ('b3b2577a-3d67-4304-8e8a-cde9d010dfe4', 'Variety', 'Variety of Equipments', 'Weightlifting gym equipments are devices designed to aid in the practice of lifting weights, targeting muscle growth, strength, and endurance. This includes: dumbbells, barbells, weight plates, bench presses, squat racks, kettlebells, weight machines, leg press machines, Smith machines, belts, etc. ', 'Bilateral', 'https://ensaludoptima-images.s3.amazonaws.com/equipments/main/variety-equipments.jpg', 'https://ensaludoptima-images.s3.amazonaws.com/equipments/thumbnails/variety-equipments-thumbnail.jpg');
INSERT INTO public.fitness_equipment (id, name, alternative_name, description, type, link_to_image, link_to_thumbnail) VALUES ('7a5d471f-d1c4-4d75-a884-587c358a3005', 'Pull-Up Bar', 'Pull-Up Bar', 'A Pull-Up Bar is a piece of exercise equipment designed for upper body workouts. It''s mounted either on a wall, ceiling, or doorway and is used primarily for pull-ups and chin-ups. By utilizing one''s body weight, it helps in strengthening the back, shoulders, and arm muscles. It''s a compact, versatile tool suitable for home gyms and can aid in enhancing upper body strength and muscle tone.', 'Bilateral', null, null);
INSERT INTO public.fitness_equipment (id, name, alternative_name, description, type, link_to_image, link_to_thumbnail) VALUES ('b98b7bf9-f192-48a3-889d-7ace41d42940', 'Body Weight', 'Body Weight', 'Body Weight refers to using one''s own weight as resistance in exercises. It''s a natural way to improve strength, flexibility, and balance without the need for additional equipment. Exercises like push-ups, squats, lunges, and planks are examples of bodyweight training. It''s a convenient and cost-effective method for fitness training, suitable for individuals of all fitness levels and can be performed virtually anywhere.', 'Bilateral', null, null);

-- MUSCLES
INSERT INTO public.fitness_muscle (id, name, alternative_name, description, type, link_to_image, link_to_thumbnail) VALUES ('9db6507a-89a3-4515-8e4e-316183954c1b', 'Back', 'Back', 'The back muscles are a complex group of muscles that span the length of the human back and play a crucial role in movement and stability. They''re primarily responsible for maintaining posture, moving the spine, and assisting with breathing.\nKey back muscles include: trapezius, latissimus dorsi, rhomboids, erector spinae. These muscles, among others in the back, work together to provide a strong and flexible structure that supports the body''s movements and helps maintain good posture.', 'Big', 'https://ensaludoptima-images.s3.amazonaws.com/muscles/main/back.jpg', 'https://ensaludoptima-images.s3.amazonaws.com/muscles/thumbnail/back-thumbnail.jpg');
INSERT INTO public.fitness_muscle (id, name, alternative_name, description, type, link_to_image, link_to_thumbnail) VALUES ('90b22d7d-c300-43e5-bae4-7df172dc168e', 'Biceps', 'Biceps Brachii', 'The bicep is a muscle located in the upper arm, between the shoulder and the elbow. It''s composed of two parts or ''heads'' - a long head and a short head, which work together to control the motion of both the shoulder and elbow joints.\nPrimarily, the biceps is responsible for elbow flexion (bending your arm), forearm supination (rotating your forearm to turn your palm upwards), and to a lesser degree, shoulder flexion (raising your arm).', 'Small', 'https://ensaludoptima-images.s3.amazonaws.com/muscles/main/biceps.jpg', 'https://ensaludoptima-images.s3.amazonaws.com/muscles/thumbnail/biceps-thumbnail.jpg');
INSERT INTO public.fitness_muscle (id, name, alternative_name, description, type, link_to_image, link_to_thumbnail) VALUES ('99aab13e-668c-4019-96e3-fa76aa9d463a', 'Chest', 'Pectorals', 'The chest muscle is a large muscle in the upper body, located in the front of the rib cage. It''s responsible for the movement and stability of the shoulder joint. Its main functions include flexion, adduction (moving the arm toward the body), and internal rotation of the shoulder. This muscle plays a vital role in actions like pushing and pressing, and is a key muscle worked in exercises like push-ups and bench press.', 'Big', 'https://ensaludoptima-images.s3.amazonaws.com/muscles/main/chest.jpg', 'https://ensaludoptima-images.s3.amazonaws.com/muscles/thumbnail/chest-thumbnail.jpg');
INSERT INTO public.fitness_muscle (id, name, alternative_name, description, type, link_to_image, link_to_thumbnail) VALUES ('b1c40c7a-c96f-49b0-bab4-ad196bc20c70', 'Glutes', 'Gluteal Muscles', 'The glutes are a group of three muscles located in the buttocks: the gluteus maximus, gluteus medius, and gluteus minimus.The gluteus maximus, the largest of the three, plays a key role in hip extension, outward rotation, and maintaining an upright posture.The gluteus medius and minimus are situated on the side of the hip and are responsible for hip abduction and medial rotation of the hip. These muscles are crucial for maintaining hip stability, especially during one-legged activities like running or jumping.', 'Big', 'https://ensaludoptima-images.s3.amazonaws.com/muscles/main/glutes.jpg', 'https://ensaludoptima-images.s3.amazonaws.com/muscles/thumbnail/glutes-thumbnail.jpg');
INSERT INTO public.fitness_muscle (id, name, alternative_name, description, type, link_to_image, link_to_thumbnail) VALUES ('da8c8065-3b42-472f-934a-1a55e772a749', 'Shoulders', 'Deltoids', 'The shoulder muscles form the rounded contour of the shoulder and are composed of three distinct sections or heads: anterior (front), lateral (middle), and posterior (rear).\nThe anterior deltoids assist in lifting the arm forward (flexion) and rotating it inward (internal rotation). The lateral deltoids aid in lifting the arm out to the side (abduction). The posterior deltoids assist in lifting the arm backward (extension) and rotating it outward (external rotation).', 'Small', 'https://ensaludoptima-images.s3.amazonaws.com/muscles/main/shoulders.jpg', 'https://ensaludoptima-images.s3.amazonaws.com/muscles/thumbnail/shoulders-thumbnail.jpg');
INSERT INTO public.fitness_muscle (id, name, alternative_name, description, type, link_to_image, link_to_thumbnail) VALUES ('61800086-6f86-4841-906d-c2dcf0dc0e97', 'Triceps', 'Triceps Brachii', 'The tricep is located on the back of the upper arm. It consists of three parts: the long, lateral, and medial heads. The primary function of the triceps is to extend the elbow, straightening the arm. It also helps stabilize the shoulder joint. This muscle plays a critical role in actions like pushing and throwing, and is a key muscle worked in exercises like push-ups and tricep dips.', 'Small', 'https://ensaludoptima-images.s3.amazonaws.com/muscles/main/triceps.jpg', 'https://ensaludoptima-images.s3.amazonaws.com/muscles/thumbnail/triceps-thumbnail.jpg');
INSERT INTO public.fitness_muscle (id, name, alternative_name, description, type, link_to_image, link_to_thumbnail) VALUES ('806a76dc-36c7-40ec-9da3-9da81e3350e9', 'Hamstrings', 'Hamstring', 'The hamstrings are a group of three muscles located at the back of the thigh, running from the hip to the knee. They include the biceps femoris, semitendinosus, and semimembranosus.\nThese muscles collectively function to flex the knee and extend the hip, making them critical for movements such as running, jumping, and climbing. They also play a vital role in maintaining balance and posture.', 'Big', 'https://ensaludoptima-images.s3.amazonaws.com/muscles/main/hamstrings.jpg', 'https://ensaludoptima-images.s3.amazonaws.com/muscles/thumbnail/hamstrings-thumbnail.jpg');
INSERT INTO public.fitness_muscle (id, name, alternative_name, description, type, link_to_image, link_to_thumbnail) VALUES ('38d0ce32-05b7-4b49-8b63-e6c25221d806', 'Quads', 'Quadriceps', 'The quadriceps are a group of four muscles located at the front of the thigh. These include the rectus femoris, vastus lateralis, vastus medialis, and vastus intermedius.\nThe quadriceps are primarily responsible for extending the knee and are crucial for movements such as walking, running, jumping, and squatting. The rectus femoris also plays a role in hip flexion, which is the movement of lifting the thigh towards the abdomen.', 'Big', 'https://ensaludoptima-images.s3.amazonaws.com/muscles/main/quadriceps.jpg', 'https://ensaludoptima-images.s3.amazonaws.com/muscles/thumbnail/quadriceps-thumbnail.jpg');
INSERT INTO public.fitness_muscle (id, name, alternative_name, description, type, link_to_image, link_to_thumbnail) VALUES ('27a50c57-ad5b-4528-b884-0180cfdf99c2', 'Abs', 'Abdominals', 'Abdominal muscles are a set of muscles located in the abdomen that are crucial for trunk stability, movement, and breathing. The main muscles include the rectus abdominis, often associated with the "six-pack" look, which facilitates movement between the ribcage and pelvis, and the external obliques at the sides of the abdomen, aiding in torso twisting.', 'Big', 'https://ensaludoptima-images.s3.amazonaws.com/muscles/main/abs.jpg', 'https://ensaludoptima-images.s3.amazonaws.com/muscles/thumbnail/abs-thumbnail.jpg');
INSERT INTO public.fitness_muscle (id, name, alternative_name, description, type, link_to_image, link_to_thumbnail) VALUES ('92b3d594-9a1a-4e43-ad7f-2e9a8f08366b', 'Calves', 'Calf', 'The calf muscles, located in the lower back part of the leg, consist of the larger gastrocnemius, which gives the calf its shape and aids in running and jumping, and the smaller soleus, which lies underneath and is active during walking and standing. Both merge to form the Achilles tendon, essential for forward and upward movement.', 'Small', 'https://ensaludoptima-images.s3.amazonaws.com/muscles/main/calves.jpg', 'https://ensaludoptima-images.s3.amazonaws.com/muscles/thumbnail/calves-thumbnail.jpg');
INSERT INTO public.fitness_muscle (id, name, alternative_name, description, type, link_to_image, link_to_thumbnail) VALUES ('84bc14b4-f64c-4b38-bf60-5ae5b7c19dc4', 'Rest', 'Rest Muscles', 'Resting allows the body to recover from the stresses of exercise, repairing muscle tissue and reducing the risk of injury. It also helps replenish energy stores and ensures optimal performance in subsequent workouts.', 'Big', 'https://ensaludoptima-images.s3.amazonaws.com/muscles/main/none.jpg', 'https://ensaludoptima-images.s3.amazonaws.com/muscles/thumbnail/none-thumbnail.jpg');
INSERT INTO public.fitness_muscle (id, name, alternative_name, description, type, link_to_image, link_to_thumbnail) VALUES ('c4e1b6a6-ed67-40b0-809d-f591248d258f', 'Forearms', 'Forearms', 'The forearms comprise a multitude of smaller muscles responsible for wrist and finger movements. They play a crucial role in grip strength, which is fundamental for exercises like deadlifts, rows, and pull-ups. Strengthening the forearms can enhance grip endurance, improve hand dexterity, and contribute to better performance in both daily activities and athletic endeavors.', 'Small', null, null);
INSERT INTO public.fitness_muscle (id, name, alternative_name, description, type, link_to_image, link_to_thumbnail) VALUES ('d69fba1a-1a55-4881-b64f-207eea31d188', 'Traps', 'Trapezius', 'The Trapezius is a triangular-shaped muscle located at the back of the neck and upper torso. It''s responsible for various shoulder and neck movements including shrugging, tilting and turning the head, and moving the shoulder blades. It''s divided into three parts: upper, middle, and lower trapezius, each contributing to different movements. Strengthening the trapezius can aid in better posture, reduce neck tension, and enhance shoulder mobility.', 'Small', null, null);

-- EXERCISES
---- Exercise Types
INSERT INTO public.fitness_exercisetype (id, name) VALUES ('0f07209f-ce6b-49b3-9f22-fd9c7ed1ab48', 'Strength');
INSERT INTO public.fitness_exercisetype (id, name) VALUES ('689a0bae-1734-4174-a11d-d670aad52291', 'HIIT');
INSERT INTO public.fitness_exercisetype (id, name) VALUES ('967ae69f-604c-4d8c-b135-e1837fb0d84b', 'Cardio');
---- Exercises
INSERT INTO public.fitness_exercise (id, name, alternative_name, description, difficulty, compound_movement, link_to_image, link_to_thumbnail, link_to_video, main_muscle_id) VALUES ('0ae8d7c4-6785-4fa9-9a6b-b60f657a0eab', 'Bicep Curl', 'Dumbbell Bicep Curl', 'The Bicep Curl primarily targets the bicep muscles, with secondary engagement of the forearms and shoulders. It''s great for building arm strength, enhancing muscle tone, and improving muscle endurance. Additionally, it helps in developing better elbow joint flexibility and can be a foundational exercise for arm training routines.', 'Easy', false, 'https://ensaludoptima-images.s3.amazonaws.com/exercises/main/bicep-curl.jpg', 'https://ensaludoptima-images.s3.amazonaws.com/exercises/thumbnail/bicep-curl-thumbnail.jpg', 'https://vimeo.com/121851277', '90b22d7d-c300-43e5-bae4-7df172dc168e');
INSERT INTO public.fitness_exercise (id, name, alternative_name, description, difficulty, compound_movement, link_to_image, link_to_thumbnail, link_to_video, main_muscle_id) VALUES ('7a0f6e96-57b7-40b6-b27f-4e3f088c47ca', 'Good Mornings', 'Barbell Good Mornings', 'The Barbell Good Morning primarily targets the hamstrings, glutes, and lower back muscles. It''s excellent for strengthening the posterior chain, improving hip hinge mechanics, and enhancing core stability. Additionally, it aids in better posture and can be beneficial for increasing hamstring flexibility and lower back strength.', 'Advanced', true, 'https://ensaludoptima-images.s3.amazonaws.com/exercises/main/good-mornings.jpg', 'https://ensaludoptima-images.s3.amazonaws.com/exercises/thumbnail/good-mornings-thumbnail.jpg', 'https://youtu.be/dlKXx3uUsY8', '806a76dc-36c7-40ec-9da3-9da81e3350e9');
INSERT INTO public.fitness_exercise (id, name, alternative_name, description, difficulty, compound_movement, link_to_image, link_to_thumbnail, link_to_video, main_muscle_id) VALUES ('a33ebc0f-26fb-4031-ab40-268e62e27cb9', 'Dips', 'Tricep Dips', 'Dips primarily target the triceps, chest, and shoulders. They''re excellent for building upper body strength, enhancing muscle definition, and improving shoulder mobility. Additionally, dips aid in developing better stability and coordination as they require balancing the body while moving through the exercise.', 'Intermediate', true, 'https://ensaludoptima-images.s3.amazonaws.com/exercises/main/tricep-dip.jpg', 'https://ensaludoptima-images.s3.amazonaws.com/exercises/thumbnail/tricep-dip-thumbnail.jpg', 'https://youtu.be/JH5srFgz8Nk', '61800086-6f86-4841-906d-c2dcf0dc0e97');
INSERT INTO public.fitness_exercise (id, name, alternative_name, description, difficulty, compound_movement, link_to_image, link_to_thumbnail, link_to_video, main_muscle_id) VALUES ('4fc3c5da-a928-4b88-a670-80afe057bad5', 'Step-up', 'Dumbbell Step-up', 'The Step-Up primarily targets the quadriceps, hamstrings, and glutes. It''s excellent for improving lower body strength, enhancing balance, and promoting single-leg stability. Additionally, it can help in correcting muscle imbalances and is a functional exercise that mimics everyday movements.', 'Intermediate', true, 'https://ensaludoptima-images.s3.amazonaws.com/exercises/main/step-up.jpg', 'https://ensaludoptima-images.s3.amazonaws.com/exercises/thumbnail/step-up-thumbnail.jpg', 'https://vimeo.com/111125511', '38d0ce32-05b7-4b49-8b63-e6c25221d806');
INSERT INTO public.fitness_exercise (id, name, alternative_name, description, difficulty, compound_movement, link_to_image, link_to_thumbnail, link_to_video, main_muscle_id) VALUES ('69949b6e-5f5b-4c55-9517-38720807b747', 'Hammer Curl', 'Dumbbell Hammer Curl', 'The Hammer Curl targets the biceps and brachialis muscles, with secondary engagement of the forearms. It''s effective for building arm strength, improving muscle definition, and enhancing grip strength. The neutral grip used in this exercise provides a variation that may be easier on the wrists and elbows compared to traditional curls.', 'Easy', true, 'https://ensaludoptima-images.s3.amazonaws.com/exercises/main/hammer-curl.jpg', 'https://ensaludoptima-images.s3.amazonaws.com/exercises/thumbnail/hammer-curl-thumbnail.jpg', 'https://vimeo.com/121851466', '90b22d7d-c300-43e5-bae4-7df172dc168e');
INSERT INTO public.fitness_exercise (id, name, alternative_name, description, difficulty, compound_movement, link_to_image, link_to_thumbnail, link_to_video, main_muscle_id) VALUES ('16e47117-87f2-4305-9de8-f31bc83765d7', 'Pullover', 'Dumbbell Chest Pullover', 'The Pullover targets the latissimus dorsi, chest, and triceps. It''s great for expanding the rib cage, improving shoulder mobility, and building strength and muscle mass in the upper body. Additionally, it''s a unique exercise that works on both the chest and back muscles, promoting a balanced upper body.', 'Intermediate', true, 'https://ensaludoptima-images.s3.amazonaws.com/exercises/main/pull-over.jpg', 'https://ensaludoptima-images.s3.amazonaws.com/exercises/thumbnail/pull-over-thumbnail.jpg', 'https://youtu.be/5YStMv6m2g8', '99aab13e-668c-4019-96e3-fa76aa9d463a');
INSERT INTO public.fitness_exercise (id, name, alternative_name, description, difficulty, compound_movement, link_to_image, link_to_thumbnail, link_to_video, main_muscle_id) VALUES ('323efdd9-2c39-4dfa-9de1-24a836b6b82b', 'Plank', 'Bodyweight Plank', 'The Plank exercise engages multiple muscle groups including the core, glutes, shoulders, and back. It''s stellar for improving core strength, enhancing stability, and promoting a strong and stable trunk. Additionally, it aids in developing better posture, reducing back pain, and is a foundational exercise for training the core and improving overall body strength.', 'Intermediate', true, 'https://ensaludoptima-images.s3.amazonaws.com/exercises/main/plank.jpg', 'https://ensaludoptima-images.s3.amazonaws.com/exercises/thumbnail/plank-thumbnail.jpg', 'https://vimeo.com/111471004', '27a50c57-ad5b-4528-b884-0180cfdf99c2');
INSERT INTO public.fitness_exercise (id, name, alternative_name, description, difficulty, compound_movement, link_to_image, link_to_thumbnail, link_to_video, main_muscle_id) VALUES ('de14fb5e-ba32-4f08-b69a-5a0722a81ba1', 'Romanian Deadlift', 'Barbell Romanian Deadlift', 'The Romanian Deadlift primarily targets the hamstrings, glutes, and lower back. It''s outstanding for developing posterior chain strength, improving hip hinge mechanics, and enhancing hamstring flexibility. Additionally, it aids in better posture and can be a significant exercise for improving athletic performance and overall lower body strength.', 'Advanced', true, 'https://ensaludoptima-images.s3.amazonaws.com/exercises/main/romanian-deadlift.jpg', 'https://ensaludoptima-images.s3.amazonaws.com/exercises/thumbnail/romanian-deadlift-thumbnail.jpg', 'https://vimeo.com/111043979', '806a76dc-36c7-40ec-9da3-9da81e3350e9');
INSERT INTO public.fitness_exercise (id, name, alternative_name, description, difficulty, compound_movement, link_to_image, link_to_thumbnail, link_to_video, main_muscle_id) VALUES ('4c5c6ca4-e190-4bd3-b05a-b445c324a680', 'Shoulder Press', 'Seated Dumbbell Shoulder Press', 'The Shoulder Press targets the deltoids, triceps, and to a lesser extent, the upper chest. It''s excellent for building shoulder strength, enhancing upper body muscle mass, and improving overhead lifting capabilities. This exercise is crucial for individuals looking to develop well-rounded shoulder muscles and improve functional upper body strength.', 'Easy', true, 'https://ensaludoptima-images.s3.amazonaws.com/exercises/main/shoulder-press.jpg', 'https://ensaludoptima-images.s3.amazonaws.com/exercises/thumbnail/shoulder-press-thumbnail.jpg', 'https://vimeo.com/111522887', 'da8c8065-3b42-472f-934a-1a55e772a749');
INSERT INTO public.fitness_exercise (id, name, alternative_name, description, difficulty, compound_movement, link_to_image, link_to_thumbnail, link_to_video, main_muscle_id) VALUES ('552c548a-9fb7-41bc-9c9a-aeb3057a1cf9', 'Tricep Extension', 'Overhead Tricep Extension', 'The Tricep Extension specifically targets the tricep muscles. It''s effective for building arm strength, improving muscle definition in the triceps, and enhancing elbow joint extension. This exercise can be performed using dumbbells, barbells, or cable machines, making it a versatile choice for arm training.', 'Easy', false, 'https://ensaludoptima-images.s3.amazonaws.com/exercises/main/overhead-tricep-extension.jpg', 'https://ensaludoptima-images.s3.amazonaws.com/exercises/thumbnail/overhead-tricep-extension-thumbnail.jpg', 'https://youtu.be/LlCFtWCQc5s', '61800086-6f86-4841-906d-c2dcf0dc0e97');
INSERT INTO public.fitness_exercise (id, name, alternative_name, description, difficulty, compound_movement, link_to_image, link_to_thumbnail, link_to_video, main_muscle_id) VALUES ('631cec69-e127-4049-839c-3b24b5924a55', 'Lunges', 'Walking Dumbbell Lunge', 'The Walking Dumbbell Lunge targets the quadriceps, hamstrings, and glutes, with secondary engagement of the core and balance muscles. It''s excellent for building lower body strength, improving hip mobility, and enhancing overall body coordination. Additionally, it''s a functional exercise that can aid in better performance in daily activities and sports.', 'Easy', true, 'https://ensaludoptima-images.s3.amazonaws.com/exercises/main/lunge.jpg', 'https://ensaludoptima-images.s3.amazonaws.com/exercises/thumbnail/lunge-thumbnail.jpg', 'https://vimeo.com/112074203', '38d0ce32-05b7-4b49-8b63-e6c25221d806');
INSERT INTO public.fitness_exercise (id, name, alternative_name, description, difficulty, compound_movement, link_to_image, link_to_thumbnail, link_to_video, main_muscle_id) VALUES ('322b17d4-9f5c-404e-82c4-774e06620a72', 'Single-Leg Romanian', 'Single-Leg Romanian Deadlift', 'The Romanian Deadlift primarily targets the hamstrings, glutes, and lower back. It''s outstanding for developing posterior chain strength, improving hip hinge mechanics, and enhancing hamstring flexibility. Additionally, it aids in better posture and can be a significant exercise for improving athletic performance and overall lower body strength.', 'Advanced', true, 'https://ensaludoptima-images.s3.amazonaws.com/exercises/main/single-leg-deadlift.jpg', 'https://ensaludoptima-images.s3.amazonaws.com/exercises/thumbnail/single-leg-deadlift-thumbnail.jpg', 'https://vimeo.com/111525384', '806a76dc-36c7-40ec-9da3-9da81e3350e9');
INSERT INTO public.fitness_exercise (id, name, alternative_name, description, difficulty, compound_movement, link_to_image, link_to_thumbnail, link_to_video, main_muscle_id) VALUES ('c89ff951-a57d-471f-8149-b791f4679dc5', 'Reverse Fly', 'Dumbbell Reverse Fly', 'The Reverse Fly targets the back, posterior deltoids (rear shoulders), rhomboids, and traps in the upper back. It''s great for improving shoulder stability, enhancing posture, and building a balanced upper body by strengthening the often neglected posterior shoulder and upper back muscles. Additionally, it aids in counteracting the hunched posture developed from daily activities like sitting at a desk.', 'Intermediate', true, 'https://ensaludoptima-images.s3.amazonaws.com/exercises/main/reverse-fly.jpg', 'https://ensaludoptima-images.s3.amazonaws.com/exercises/thumbnail/reverse-fly-thumbnail.jpg', 'https://youtu.be/Fgz_FdzDukE', '9db6507a-89a3-4515-8e4e-316183954c1b');
INSERT INTO public.fitness_exercise (id, name, alternative_name, description, difficulty, compound_movement, link_to_image, link_to_thumbnail, link_to_video, main_muscle_id) VALUES ('4042036c-f5be-43a0-8bb5-281baeef3576', 'Kick-back', 'Glute Kick Back', 'The Glute Kick Back targets the glutes and to a lesser extent, the hamstrings. It''s great for toning and strengthening the buttocks, enhancing hip mobility, and improving lower body coordination. Additionally, it can aid in alleviating lower back pain by strengthening the glutes which support the lower back.', 'Easy', false, 'https://ensaludoptima-images.s3.amazonaws.com/exercises/main/glute-kickback.jpg', 'https://ensaludoptima-images.s3.amazonaws.com/exercises/thumbnail/glute-kickback-thumbnail.jpg', 'https://youtu.be/aX0U98L4Ywk', 'b1c40c7a-c96f-49b0-bab4-ad196bc20c70');
INSERT INTO public.fitness_exercise (id, name, alternative_name, description, difficulty, compound_movement, link_to_image, link_to_thumbnail, link_to_video, main_muscle_id) VALUES ('30100434-5a72-4b12-9836-7f2f0db67833', 'Squat', 'Barbell Back Squat', 'The Barbell Back Squat targets the quadriceps, hamstrings, glutes, and calves, with core and lower back engagement. It''s excellent for building lower body strength, enhancing mobility, improving posture, and promoting muscle growth. Plus, as a compound movement, it aids in better calorie burn and fat loss.', 'Advanced', true, 'https://ensaludoptima-images.s3.amazonaws.com/exercises/main/barbell-back-squat.jpg', 'https://ensaludoptima-images.s3.amazonaws.com/exercises/thumbnail/barbell-back-squat-thumbnail.jpg', 'https://vimeo.com/121830733', '38d0ce32-05b7-4b49-8b63-e6c25221d806');
INSERT INTO public.fitness_exercise (id, name, alternative_name, description, difficulty, compound_movement, link_to_image, link_to_thumbnail, link_to_video, main_muscle_id) VALUES ('fcae1fd6-d15c-4c38-b559-e1253775a05b', 'Deadlift', 'Barbell Deadlift', 'The Barbell Deadlift mainly targets the hamstrings, glutes, lower and upper back, and grip muscles. It''s a stellar exercise for developing overall strength, enhancing posterior chain muscle development, improving posture, and boosting muscle growth. Additionally, being a compound movement, it supports greater calorie expenditure and fat loss.', 'Advanced', true, 'https://ensaludoptima-images.s3.amazonaws.com/exercises/main/deadlift.jpg', 'https://ensaludoptima-images.s3.amazonaws.com/exercises/thumbnail/deadlift-thumbnail.jpg', 'https://vimeo.com/121834063', 'b1c40c7a-c96f-49b0-bab4-ad196bc20c70');
INSERT INTO public.fitness_exercise (id, name, alternative_name, description, difficulty, compound_movement, link_to_image, link_to_thumbnail, link_to_video, main_muscle_id) VALUES ('e0b662a7-3801-480f-950e-17fd96badd13', 'Bench Press', 'Dumbbell Bench Press', 'The Bench Press primarily targets the pectoral muscles (chest), deltoids (shoulders), and triceps. It''s a key exercise for building upper body strength, enhancing muscle mass, and improving pushing ability. Additionally, it contributes to better bone health, and being a compound movement, it helps in burning more calories during and after the workout.', 'Intermediate', true, 'https://ensaludoptima-images.s3.amazonaws.com/exercises/main/bench-press.jpg', 'https://ensaludoptima-images.s3.amazonaws.com/exercises/thumbnail/bench-press-thumbnail.jpg', 'https://vimeo.com/111113503', '99aab13e-668c-4019-96e3-fa76aa9d463a');
INSERT INTO public.fitness_exercise (id, name, alternative_name, description, difficulty, compound_movement, link_to_image, link_to_thumbnail, link_to_video, main_muscle_id) VALUES ('22c41f6a-69a0-432e-9cb6-ec8ec20d1049', 'Chin-Up', 'Bicep Chin-Up', 'The Chin-Up primarily targets the latissimus dorsi (back muscles), biceps, and forearms. It''s an effective exercise for building upper body strength, enhancing back muscle definition, and improving grip strength. Additionally, chin-ups promote shoulder health and mobility.', 'Advanced', true, 'https://ensaludoptima-images.s3.amazonaws.com/exercises/main/chin-up.jpg', 'https://ensaludoptima-images.s3.amazonaws.com/exercises/thumbnail/chin-up-thumbnail.jpg', 'https://vimeo.com/111054636', '90b22d7d-c300-43e5-bae4-7df172dc168e');
INSERT INTO public.fitness_exercise (id, name, alternative_name, description, difficulty, compound_movement, link_to_image, link_to_thumbnail, link_to_video, main_muscle_id) VALUES ('51e2b73d-b2db-40a0-98cf-bd2fe0f5c038', 'Glute bridge', 'Bridge', 'The Glute Bridge primarily engages the glutes, hamstrings, and lower back muscles. It''s beneficial for improving hip mobility, enhancing glute strength, and promoting better posture. Additionally, it''s a low-impact exercise that can be modified for different fitness levels and can be beneficial for individuals with lower back issues.', 'Intermediate', true, 'https://ensaludoptima-images.s3.amazonaws.com/exercises/main/glute-bridge.jpg', 'https://ensaludoptima-images.s3.amazonaws.com/exercises/thumbnail/glute-bridge-thumbnail.jpg', 'https://vimeo.com/111043114', 'b1c40c7a-c96f-49b0-bab4-ad196bc20c70');
INSERT INTO public.fitness_exercise (id, name, alternative_name, description, difficulty, compound_movement, link_to_image, link_to_thumbnail, link_to_video, main_muscle_id) VALUES ('ed22b807-8824-44f4-986b-138366134322', 'Hanging Raise', 'Abs Hanging Leg Raise', 'The Abs Hanging Raise primarily targets the rectus abdominis (abs) and hip flexors, with secondary engagement of the forearms and upper back muscles. It''s a challenging exercise that helps in developing core strength, improving abdominal muscle definition, and enhancing upper body endurance. Additionally, it promotes better stability and control which can be beneficial in performing other exercises and daily activities.', 'Advanced', true, 'https://ensaludoptima-images.s3.amazonaws.com/exercises/main/hanging-leg-raise.jpg', 'https://ensaludoptima-images.s3.amazonaws.com/exercises/thumbnail/hanging-leg-raise-thumbnail.jpg', 'https://youtu.be/Voa4JvQ76A8', '27a50c57-ad5b-4528-b884-0180cfdf99c2');
INSERT INTO public.fitness_exercise (id, name, alternative_name, description, difficulty, compound_movement, link_to_image, link_to_thumbnail, link_to_video, main_muscle_id) VALUES ('6fd8a488-76d5-49c3-b6d5-6f072d07b287', 'Lateral Raise', 'Dumbbell Side Lateral Rise', 'The Lateral Raise primarily targets the deltoids, particularly the lateral or "middle" part, aiding in creating a broader shoulder appearance. It''s excellent for improving shoulder strength, enhancing muscle tone, and promoting balanced muscle development to counteract the effects of too much pressing and front deltoid work.', 'Easy', false, 'https://ensaludoptima-images.s3.amazonaws.com/exercises/main/shoulder-lateral-raise.jpg', 'https://ensaludoptima-images.s3.amazonaws.com/exercises/thumbnail/shoulder-lateral-raise-thumbnail.jpg', 'https://youtu.be/Cxrmdrq1s3E', 'da8c8065-3b42-472f-934a-1a55e772a749');
INSERT INTO public.fitness_exercise (id, name, alternative_name, description, difficulty, compound_movement, link_to_image, link_to_thumbnail, link_to_video, main_muscle_id) VALUES ('99e68eff-4116-4894-8a51-70e49404fff7', 'Pull up', 'Pull Ups', 'The Pull Up primarily targets the latissimus dorsi, biceps, and forearms. It''s an effective exercise for building upper body strength, enhancing back muscle definition, and improving grip strength. Additionally, pull-ups promote shoulder health and can significantly contribute to better posture and functional strength.', 'Advanced', true, 'https://ensaludoptima-images.s3.amazonaws.com/exercises/main/pull-up.jpg', 'https://ensaludoptima-images.s3.amazonaws.com/exercises/thumbnail/pull-up-thumbnail.jpg', 'https://vimeo.com/122357901', '9db6507a-89a3-4515-8e4e-316183954c1b');
INSERT INTO public.fitness_exercise (id, name, alternative_name, description, difficulty, compound_movement, link_to_image, link_to_thumbnail, link_to_video, main_muscle_id) VALUES ('e52463a7-3efa-4938-a57f-b7796430388a', 'Standing Calf Raise', 'Standing Dumbbells Calf Raise', 'The Standing Calf Raise primarily targets the gastrocnemius muscle in the calves. It''s beneficial for building calf strength, improving ankle stability, and enhancing lower leg muscle tone. This exercise can also aid in improving balance and performance in sports and activities that require strong calf muscles.', 'Easy', false, 'https://ensaludoptima-images.s3.amazonaws.com/exercises/main/standing-calf-raise.jpg', 'https://ensaludoptima-images.s3.amazonaws.com/exercises/thumbnail/standing-calf-raise-thumbnail.jpg', 'https://youtu.be/RBslMmWqzzE', '92b3d594-9a1a-4e43-ad7f-2e9a8f08366b');
INSERT INTO public.fitness_exercise (id, name, alternative_name, description, difficulty, compound_movement, link_to_image, link_to_thumbnail, link_to_video, main_muscle_id) VALUES ('a0015c74-06ce-4905-ab9d-5a7930145cce', 'Rest', 'Rest Day', 'Rest is integral for muscle recovery, as it allows the repair of micro-tears in muscle tissues incurred during exercise, promoting muscle growth and increased strength. Additionally, adequate rest helps prevent overuse injuries, ensuring that the body is well-recovered and prepared for subsequent workouts, which in turn reduces the risk of fatigue-related accidents.', 'Easy', false, 'https://ensaludoptima-images.s3.amazonaws.com/exercises/main/rest.jpg', 'https://ensaludoptima-images.s3.amazonaws.com/exercises/thumbnail/rest-thumbnail.jpg', 'https://youtu.be/oMYyDYUrDi4', '84bc14b4-f64c-4b38-bf60-5ae5b7c19dc4');
INSERT INTO public.fitness_exercise (id, name, alternative_name, description, difficulty, compound_movement, link_to_image, link_to_thumbnail, link_to_video, main_muscle_id) VALUES ('059383f4-6e2b-4d9f-90f2-bb17781fa2a4', 'Push Up', 'Bodyweight Push Up', 'The Push Up primarily targets the chest, triceps, and shoulders, with secondary engagement of the core and lower body muscles. It''s excellent for building upper body strength, enhancing muscle endurance, and promoting better bone health. Additionally, as a bodyweight exercise, push-ups are versatile and can be modified to meet different fitness levels, making them a fundamental component of many fitness routines.', 'Easy', true, 'https://ensaludoptima-images.s3.amazonaws.com/exercises/main/push-up.jpg', 'https://ensaludoptima-images.s3.amazonaws.com/exercises/thumbnail/push-up-thumbnail.jpg', 'https://vimeo.com/122357903', '99aab13e-668c-4019-96e3-fa76aa9d463a');
INSERT INTO public.fitness_exercise (id, name, alternative_name, description, difficulty, compound_movement, link_to_image, link_to_thumbnail, link_to_video, main_muscle_id) VALUES ('c28a23d6-18ef-4bec-99b9-3020b2b430e5', 'Rear Delt Raise', 'Dumbbell Rear Delt Raise', 'The Rear Delt Raise specifically targets the posterior deltoids (rear shoulders) with secondary engagement of the upper back muscles. It''s excellent for improving shoulder balance, enhancing posture, and building strength in the often neglected rear shoulder area. This exercise is pivotal for individuals looking to achieve a well-balanced shoulder development and can help in preventing shoulder injuries.', 'Intermediate', true, 'https://ensaludoptima-images.s3.amazonaws.com/exercises/main/bent-over-lateral-raise.jpg', 'https://ensaludoptima-images.s3.amazonaws.com/exercises/thumbnail/bent-over-lateral-raise-thumbnail.jpg', 'https://youtu.be/Fgz_FdzDukE', 'da8c8065-3b42-472f-934a-1a55e772a749');
INSERT INTO public.fitness_exercise (id, name, alternative_name, description, difficulty, compound_movement, link_to_image, link_to_thumbnail, link_to_video, main_muscle_id) VALUES ('a0eef689-04c5-4faa-a9ae-74305164e830', 'Sit Up', 'Abs Sit Up', 'The Sit Up primarily targets the rectus abdominis (abdominal muscles) and engages the obliques and hip flexors to a lesser extent. It''s effective for building core strength, enhancing abdominal muscle tone, and improving trunk stability. Additionally, it can contribute to better posture by promoting a strong and stable core. Sit Ups can be a part of a comprehensive core training routine to improve overall fitness and function.', 'Intermediate', true, 'https://ensaludoptima-images.s3.amazonaws.com/exercises/main/crunch.jpg', 'https://ensaludoptima-images.s3.amazonaws.com/exercises/thumbnail/crunch-thumbnail.jpg', 'https://youtu.be/MQDopvLZOS8', '27a50c57-ad5b-4528-b884-0180cfdf99c2');
INSERT INTO public.fitness_exercise (id, name, alternative_name, description, difficulty, compound_movement, link_to_image, link_to_thumbnail, link_to_video, main_muscle_id) VALUES ('dd3734b1-f939-4af0-8a20-8104f60345ff', 'Sitting Calf Raise', 'Dumbbells Calf Raise', 'The Sitting Calf Raise specifically targets the soleus muscle in the calves. It''s excellent for building calf strength, improving ankle stability, and enhancing the muscle tone of the lower leg. Additionally, it can aid in preventing calf muscle strains and improving performance in activities that require strong and stable ankles and calves. This exercise is beneficial for individuals looking to develop well-defined calf muscles and improve lower body function.', 'Intermediate', false, 'https://ensaludoptima-images.s3.amazonaws.com/exercises/main/seatead-calf-raise.jpg', 'https://ensaludoptima-images.s3.amazonaws.com/exercises/thumbnail/seatead-calf-raise-thumbnail.jpg', 'https://youtu.be/Yh5TXz99xwY', '92b3d594-9a1a-4e43-ad7f-2e9a8f08366b');
INSERT INTO public.fitness_exercise (id, name, alternative_name, description, difficulty, compound_movement, link_to_image, link_to_thumbnail, link_to_video, main_muscle_id) VALUES ('d937722a-fb94-4c9b-9def-aebc7d11edb3', 'Tip-Toe Farmer''s Walk', 'Dumbbells Farmer''s Walk', 'The Tip Toe Farmer''s Walk engages the calves, core, and shoulders, while also challenging balance and coordination. It''s great for building lower leg strength, enhancing core stability, and improving overall body endurance. This exercise mimics everyday movements making it functional and beneficial for individuals of varying fitness levels.', 'Intermediate', false, 'https://ensaludoptima-images.s3.amazonaws.com/exercises/main/farmers-walk-on-toes.jpg', 'https://ensaludoptima-images.s3.amazonaws.com/exercises/thumbnail/farmers-walk-on-toes-thumbnail.jpg', 'https://youtu.be/RL7GGbLEOQk', '92b3d594-9a1a-4e43-ad7f-2e9a8f08366b');
INSERT INTO public.fitness_exercise (id, name, alternative_name, description, difficulty, compound_movement, link_to_image, link_to_thumbnail, link_to_video, main_muscle_id) VALUES ('d799c1e1-55ff-4f0f-9777-b68338796324', 'Tricep Kickback', 'Bent Over Tricep Kickback', 'The Tricep Kickback primarily targets the triceps. It''s beneficial for toning and strengthening the back of the arms, improving muscle endurance, and aiding in better elbow extension. It''s a simple yet effective exercise for individuals looking to target tricep development specifically.', 'Easy', false, 'https://ensaludoptima-images.s3.amazonaws.com/exercises/main/tricep-kickback.jpg', 'https://ensaludoptima-images.s3.amazonaws.com/exercises/thumbnail/tricep-kickback-thumbnail.jpg', 'https://youtu.be/BL9CzOQZDrs', '61800086-6f86-4841-906d-c2dcf0dc0e97');
INSERT INTO public.fitness_exercise (id, name, alternative_name, description, difficulty, compound_movement, link_to_image, link_to_thumbnail, link_to_video, main_muscle_id) VALUES ('55806bfc-4993-4d55-a81c-0e1dc7016b98', 'Single-Arm Rows', 'Single-Arm Dumbbell Rows', 'Rows primarily target the muscles of the upper back including the latissimus dorsi, rhomboids, and traps, with secondary engagement of the biceps. They''re beneficial for building a stronger back, improving posture, and enhancing scapular movement and stability. Rows are fundamental for counteracting the effects of prolonged sitting and developing a balanced upper body.', 'Intermediate', true, 'https://ensaludoptima-images.s3.amazonaws.com/exercises/main/dumbbell-row.jpg', 'https://ensaludoptima-images.s3.amazonaws.com/exercises/thumbnail/dumbbell-row-thumbnail.jpg', 'https://vimeo.com/123132865', '9db6507a-89a3-4515-8e4e-316183954c1b');
---- Equipments
INSERT INTO public.fitness_exercise_equipments (id, exercise_id, equipment_id) VALUES (1, '30100434-5a72-4b12-9836-7f2f0db67833', 'eccf86af-2a9e-4695-a9db-fe3a3c2a2746');
INSERT INTO public.fitness_exercise_equipments (id, exercise_id, equipment_id) VALUES (2, 'fcae1fd6-d15c-4c38-b559-e1253775a05b', 'eccf86af-2a9e-4695-a9db-fe3a3c2a2746');
INSERT INTO public.fitness_exercise_equipments (id, exercise_id, equipment_id) VALUES (3, '7a0f6e96-57b7-40b6-b27f-4e3f088c47ca', 'eccf86af-2a9e-4695-a9db-fe3a3c2a2746');
INSERT INTO public.fitness_exercise_equipments (id, exercise_id, equipment_id) VALUES (4, 'e0b662a7-3801-480f-950e-17fd96badd13', '238aec4e-29f3-451e-8d9b-564dd6a587e9');
INSERT INTO public.fitness_exercise_equipments (id, exercise_id, equipment_id) VALUES (6, '0ae8d7c4-6785-4fa9-9a6b-b60f657a0eab', '238aec4e-29f3-451e-8d9b-564dd6a587e9');
INSERT INTO public.fitness_exercise_equipments (id, exercise_id, equipment_id) VALUES (7, '22c41f6a-69a0-432e-9cb6-ec8ec20d1049', '7a5d471f-d1c4-4d75-a884-587c358a3005');
INSERT INTO public.fitness_exercise_equipments (id, exercise_id, equipment_id) VALUES (8, 'a33ebc0f-26fb-4031-ab40-268e62e27cb9', 'c2db8252-82b5-4cc8-a226-17987c2f4137');
INSERT INTO public.fitness_exercise_equipments (id, exercise_id, equipment_id) VALUES (9, 'c89ff951-a57d-471f-8149-b791f4679dc5', '238aec4e-29f3-451e-8d9b-564dd6a587e9');
INSERT INTO public.fitness_exercise_equipments (id, exercise_id, equipment_id) VALUES (10, '4fc3c5da-a928-4b88-a670-80afe057bad5', 'c2db8252-82b5-4cc8-a226-17987c2f4137');
INSERT INTO public.fitness_exercise_equipments (id, exercise_id, equipment_id) VALUES (11, '4fc3c5da-a928-4b88-a670-80afe057bad5', 'eccf86af-2a9e-4695-a9db-fe3a3c2a2746');
INSERT INTO public.fitness_exercise_equipments (id, exercise_id, equipment_id) VALUES (12, '4042036c-f5be-43a0-8bb5-281baeef3576', 'b98b7bf9-f192-48a3-889d-7ace41d42940');
INSERT INTO public.fitness_exercise_equipments (id, exercise_id, equipment_id) VALUES (13, '51e2b73d-b2db-40a0-98cf-bd2fe0f5c038', 'b98b7bf9-f192-48a3-889d-7ace41d42940');
INSERT INTO public.fitness_exercise_equipments (id, exercise_id, equipment_id) VALUES (15, '69949b6e-5f5b-4c55-9517-38720807b747', '238aec4e-29f3-451e-8d9b-564dd6a587e9');
INSERT INTO public.fitness_exercise_equipments (id, exercise_id, equipment_id) VALUES (16, 'ed22b807-8824-44f4-986b-138366134322', '7a5d471f-d1c4-4d75-a884-587c358a3005');
INSERT INTO public.fitness_exercise_equipments (id, exercise_id, equipment_id) VALUES (17, '6fd8a488-76d5-49c3-b6d5-6f072d07b287', '238aec4e-29f3-451e-8d9b-564dd6a587e9');
INSERT INTO public.fitness_exercise_equipments (id, exercise_id, equipment_id) VALUES (18, '323efdd9-2c39-4dfa-9de1-24a836b6b82b', 'b98b7bf9-f192-48a3-889d-7ace41d42940');
INSERT INTO public.fitness_exercise_equipments (id, exercise_id, equipment_id) VALUES (19, '99e68eff-4116-4894-8a51-70e49404fff7', '7a5d471f-d1c4-4d75-a884-587c358a3005');
INSERT INTO public.fitness_exercise_equipments (id, exercise_id, equipment_id) VALUES (20, '16e47117-87f2-4305-9de8-f31bc83765d7', '238aec4e-29f3-451e-8d9b-564dd6a587e9');
INSERT INTO public.fitness_exercise_equipments (id, exercise_id, equipment_id) VALUES (21, '059383f4-6e2b-4d9f-90f2-bb17781fa2a4', 'b98b7bf9-f192-48a3-889d-7ace41d42940');
INSERT INTO public.fitness_exercise_equipments (id, exercise_id, equipment_id) VALUES (22, 'c28a23d6-18ef-4bec-99b9-3020b2b430e5', '238aec4e-29f3-451e-8d9b-564dd6a587e9');
INSERT INTO public.fitness_exercise_equipments (id, exercise_id, equipment_id) VALUES (23, 'de14fb5e-ba32-4f08-b69a-5a0722a81ba1', 'eccf86af-2a9e-4695-a9db-fe3a3c2a2746');
INSERT INTO public.fitness_exercise_equipments (id, exercise_id, equipment_id) VALUES (24, '4c5c6ca4-e190-4bd3-b05a-b445c324a680', '238aec4e-29f3-451e-8d9b-564dd6a587e9');
INSERT INTO public.fitness_exercise_equipments (id, exercise_id, equipment_id) VALUES (25, '55806bfc-4993-4d55-a81c-0e1dc7016b98', '238aec4e-29f3-451e-8d9b-564dd6a587e9');
INSERT INTO public.fitness_exercise_equipments (id, exercise_id, equipment_id) VALUES (26, '322b17d4-9f5c-404e-82c4-774e06620a72', '238aec4e-29f3-451e-8d9b-564dd6a587e9');
INSERT INTO public.fitness_exercise_equipments (id, exercise_id, equipment_id) VALUES (27, 'a0eef689-04c5-4faa-a9ae-74305164e830', 'b98b7bf9-f192-48a3-889d-7ace41d42940');
INSERT INTO public.fitness_exercise_equipments (id, exercise_id, equipment_id) VALUES (28, 'dd3734b1-f939-4af0-8a20-8104f60345ff', '238aec4e-29f3-451e-8d9b-564dd6a587e9');
INSERT INTO public.fitness_exercise_equipments (id, exercise_id, equipment_id) VALUES (29, 'e52463a7-3efa-4938-a57f-b7796430388a', '238aec4e-29f3-451e-8d9b-564dd6a587e9');
INSERT INTO public.fitness_exercise_equipments (id, exercise_id, equipment_id) VALUES (30, 'd937722a-fb94-4c9b-9def-aebc7d11edb3', '238aec4e-29f3-451e-8d9b-564dd6a587e9');
INSERT INTO public.fitness_exercise_equipments (id, exercise_id, equipment_id) VALUES (31, '552c548a-9fb7-41bc-9c9a-aeb3057a1cf9', '238aec4e-29f3-451e-8d9b-564dd6a587e9');
INSERT INTO public.fitness_exercise_equipments (id, exercise_id, equipment_id) VALUES (32, 'd799c1e1-55ff-4f0f-9777-b68338796324', '238aec4e-29f3-451e-8d9b-564dd6a587e9');
INSERT INTO public.fitness_exercise_equipments (id, exercise_id, equipment_id) VALUES (33, '631cec69-e127-4049-839c-3b24b5924a55', '238aec4e-29f3-451e-8d9b-564dd6a587e9');
---- Secondary Muscles
INSERT INTO public.fitness_exercise_secondary_muscles (id, exercise_id, muscle_id) VALUES (1, '30100434-5a72-4b12-9836-7f2f0db67833', 'b1c40c7a-c96f-49b0-bab4-ad196bc20c70');
INSERT INTO public.fitness_exercise_secondary_muscles (id, exercise_id, muscle_id) VALUES (2, '30100434-5a72-4b12-9836-7f2f0db67833', '92b3d594-9a1a-4e43-ad7f-2e9a8f08366b');
INSERT INTO public.fitness_exercise_secondary_muscles (id, exercise_id, muscle_id) VALUES (3, '30100434-5a72-4b12-9836-7f2f0db67833', '806a76dc-36c7-40ec-9da3-9da81e3350e9');
INSERT INTO public.fitness_exercise_secondary_muscles (id, exercise_id, muscle_id) VALUES (4, 'fcae1fd6-d15c-4c38-b559-e1253775a05b', '806a76dc-36c7-40ec-9da3-9da81e3350e9');
INSERT INTO public.fitness_exercise_secondary_muscles (id, exercise_id, muscle_id) VALUES (5, 'fcae1fd6-d15c-4c38-b559-e1253775a05b', '92b3d594-9a1a-4e43-ad7f-2e9a8f08366b');
INSERT INTO public.fitness_exercise_secondary_muscles (id, exercise_id, muscle_id) VALUES (6, 'fcae1fd6-d15c-4c38-b559-e1253775a05b', '9db6507a-89a3-4515-8e4e-316183954c1b');
INSERT INTO public.fitness_exercise_secondary_muscles (id, exercise_id, muscle_id) VALUES (7, '7a0f6e96-57b7-40b6-b27f-4e3f088c47ca', 'b1c40c7a-c96f-49b0-bab4-ad196bc20c70');
INSERT INTO public.fitness_exercise_secondary_muscles (id, exercise_id, muscle_id) VALUES (8, '7a0f6e96-57b7-40b6-b27f-4e3f088c47ca', '9db6507a-89a3-4515-8e4e-316183954c1b');
INSERT INTO public.fitness_exercise_secondary_muscles (id, exercise_id, muscle_id) VALUES (9, 'e0b662a7-3801-480f-950e-17fd96badd13', '61800086-6f86-4841-906d-c2dcf0dc0e97');
INSERT INTO public.fitness_exercise_secondary_muscles (id, exercise_id, muscle_id) VALUES (10, 'e0b662a7-3801-480f-950e-17fd96badd13', 'da8c8065-3b42-472f-934a-1a55e772a749');
INSERT INTO public.fitness_exercise_secondary_muscles (id, exercise_id, muscle_id) VALUES (11, '0ae8d7c4-6785-4fa9-9a6b-b60f657a0eab', 'da8c8065-3b42-472f-934a-1a55e772a749');
INSERT INTO public.fitness_exercise_secondary_muscles (id, exercise_id, muscle_id) VALUES (12, '22c41f6a-69a0-432e-9cb6-ec8ec20d1049', '9db6507a-89a3-4515-8e4e-316183954c1b');
INSERT INTO public.fitness_exercise_secondary_muscles (id, exercise_id, muscle_id) VALUES (13, 'a33ebc0f-26fb-4031-ab40-268e62e27cb9', 'da8c8065-3b42-472f-934a-1a55e772a749');
INSERT INTO public.fitness_exercise_secondary_muscles (id, exercise_id, muscle_id) VALUES (14, 'a33ebc0f-26fb-4031-ab40-268e62e27cb9', '99aab13e-668c-4019-96e3-fa76aa9d463a');
INSERT INTO public.fitness_exercise_secondary_muscles (id, exercise_id, muscle_id) VALUES (15, 'c89ff951-a57d-471f-8149-b791f4679dc5', 'd69fba1a-1a55-4881-b64f-207eea31d188');
INSERT INTO public.fitness_exercise_secondary_muscles (id, exercise_id, muscle_id) VALUES (16, 'c89ff951-a57d-471f-8149-b791f4679dc5', 'da8c8065-3b42-472f-934a-1a55e772a749');
INSERT INTO public.fitness_exercise_secondary_muscles (id, exercise_id, muscle_id) VALUES (17, '4fc3c5da-a928-4b88-a670-80afe057bad5', 'b1c40c7a-c96f-49b0-bab4-ad196bc20c70');
INSERT INTO public.fitness_exercise_secondary_muscles (id, exercise_id, muscle_id) VALUES (18, '4fc3c5da-a928-4b88-a670-80afe057bad5', '806a76dc-36c7-40ec-9da3-9da81e3350e9');
INSERT INTO public.fitness_exercise_secondary_muscles (id, exercise_id, muscle_id) VALUES (19, '4042036c-f5be-43a0-8bb5-281baeef3576', '806a76dc-36c7-40ec-9da3-9da81e3350e9');
INSERT INTO public.fitness_exercise_secondary_muscles (id, exercise_id, muscle_id) VALUES (20, '51e2b73d-b2db-40a0-98cf-bd2fe0f5c038', '806a76dc-36c7-40ec-9da3-9da81e3350e9');
INSERT INTO public.fitness_exercise_secondary_muscles (id, exercise_id, muscle_id) VALUES (21, '51e2b73d-b2db-40a0-98cf-bd2fe0f5c038', '9db6507a-89a3-4515-8e4e-316183954c1b');
INSERT INTO public.fitness_exercise_secondary_muscles (id, exercise_id, muscle_id) VALUES (22, '69949b6e-5f5b-4c55-9517-38720807b747', 'c4e1b6a6-ed67-40b0-809d-f591248d258f');
INSERT INTO public.fitness_exercise_secondary_muscles (id, exercise_id, muscle_id) VALUES (23, 'ed22b807-8824-44f4-986b-138366134322', 'c4e1b6a6-ed67-40b0-809d-f591248d258f');
INSERT INTO public.fitness_exercise_secondary_muscles (id, exercise_id, muscle_id) VALUES (24, 'ed22b807-8824-44f4-986b-138366134322', '9db6507a-89a3-4515-8e4e-316183954c1b');
INSERT INTO public.fitness_exercise_secondary_muscles (id, exercise_id, muscle_id) VALUES (25, '6fd8a488-76d5-49c3-b6d5-6f072d07b287', 'd69fba1a-1a55-4881-b64f-207eea31d188');
INSERT INTO public.fitness_exercise_secondary_muscles (id, exercise_id, muscle_id) VALUES (26, '323efdd9-2c39-4dfa-9de1-24a836b6b82b', 'b1c40c7a-c96f-49b0-bab4-ad196bc20c70');
INSERT INTO public.fitness_exercise_secondary_muscles (id, exercise_id, muscle_id) VALUES (27, '323efdd9-2c39-4dfa-9de1-24a836b6b82b', 'da8c8065-3b42-472f-934a-1a55e772a749');
INSERT INTO public.fitness_exercise_secondary_muscles (id, exercise_id, muscle_id) VALUES (28, '323efdd9-2c39-4dfa-9de1-24a836b6b82b', '9db6507a-89a3-4515-8e4e-316183954c1b');
INSERT INTO public.fitness_exercise_secondary_muscles (id, exercise_id, muscle_id) VALUES (29, '99e68eff-4116-4894-8a51-70e49404fff7', '90b22d7d-c300-43e5-bae4-7df172dc168e');
INSERT INTO public.fitness_exercise_secondary_muscles (id, exercise_id, muscle_id) VALUES (30, '99e68eff-4116-4894-8a51-70e49404fff7', 'c4e1b6a6-ed67-40b0-809d-f591248d258f');
INSERT INTO public.fitness_exercise_secondary_muscles (id, exercise_id, muscle_id) VALUES (31, '16e47117-87f2-4305-9de8-f31bc83765d7', '61800086-6f86-4841-906d-c2dcf0dc0e97');
INSERT INTO public.fitness_exercise_secondary_muscles (id, exercise_id, muscle_id) VALUES (32, '059383f4-6e2b-4d9f-90f2-bb17781fa2a4', '61800086-6f86-4841-906d-c2dcf0dc0e97');
INSERT INTO public.fitness_exercise_secondary_muscles (id, exercise_id, muscle_id) VALUES (33, '059383f4-6e2b-4d9f-90f2-bb17781fa2a4', 'da8c8065-3b42-472f-934a-1a55e772a749');
INSERT INTO public.fitness_exercise_secondary_muscles (id, exercise_id, muscle_id) VALUES (34, 'c28a23d6-18ef-4bec-99b9-3020b2b430e5', 'd69fba1a-1a55-4881-b64f-207eea31d188');
INSERT INTO public.fitness_exercise_secondary_muscles (id, exercise_id, muscle_id) VALUES (35, 'c28a23d6-18ef-4bec-99b9-3020b2b430e5', '9db6507a-89a3-4515-8e4e-316183954c1b');
INSERT INTO public.fitness_exercise_secondary_muscles (id, exercise_id, muscle_id) VALUES (36, 'de14fb5e-ba32-4f08-b69a-5a0722a81ba1', 'b1c40c7a-c96f-49b0-bab4-ad196bc20c70');
INSERT INTO public.fitness_exercise_secondary_muscles (id, exercise_id, muscle_id) VALUES (37, 'de14fb5e-ba32-4f08-b69a-5a0722a81ba1', '92b3d594-9a1a-4e43-ad7f-2e9a8f08366b');
INSERT INTO public.fitness_exercise_secondary_muscles (id, exercise_id, muscle_id) VALUES (38, 'de14fb5e-ba32-4f08-b69a-5a0722a81ba1', '9db6507a-89a3-4515-8e4e-316183954c1b');
INSERT INTO public.fitness_exercise_secondary_muscles (id, exercise_id, muscle_id) VALUES (39, '4c5c6ca4-e190-4bd3-b05a-b445c324a680', '61800086-6f86-4841-906d-c2dcf0dc0e97');
INSERT INTO public.fitness_exercise_secondary_muscles (id, exercise_id, muscle_id) VALUES (40, '4c5c6ca4-e190-4bd3-b05a-b445c324a680', '99aab13e-668c-4019-96e3-fa76aa9d463a');
INSERT INTO public.fitness_exercise_secondary_muscles (id, exercise_id, muscle_id) VALUES (41, '55806bfc-4993-4d55-a81c-0e1dc7016b98', '90b22d7d-c300-43e5-bae4-7df172dc168e');
INSERT INTO public.fitness_exercise_secondary_muscles (id, exercise_id, muscle_id) VALUES (42, '55806bfc-4993-4d55-a81c-0e1dc7016b98', 'd69fba1a-1a55-4881-b64f-207eea31d188');
INSERT INTO public.fitness_exercise_secondary_muscles (id, exercise_id, muscle_id) VALUES (43, '322b17d4-9f5c-404e-82c4-774e06620a72', 'b1c40c7a-c96f-49b0-bab4-ad196bc20c70');
INSERT INTO public.fitness_exercise_secondary_muscles (id, exercise_id, muscle_id) VALUES (44, '631cec69-e127-4049-839c-3b24b5924a55', 'b1c40c7a-c96f-49b0-bab4-ad196bc20c70');
INSERT INTO public.fitness_exercise_secondary_muscles (id, exercise_id, muscle_id) VALUES (45, '631cec69-e127-4049-839c-3b24b5924a55', '92b3d594-9a1a-4e43-ad7f-2e9a8f08366b');
INSERT INTO public.fitness_exercise_secondary_muscles (id, exercise_id, muscle_id) VALUES (46, '631cec69-e127-4049-839c-3b24b5924a55', '806a76dc-36c7-40ec-9da3-9da81e3350e9');
---- Types
INSERT INTO public.fitness_exercise_types (id, exercise_id, exercisetype_id) VALUES (1, '30100434-5a72-4b12-9836-7f2f0db67833', '0f07209f-ce6b-49b3-9f22-fd9c7ed1ab48');
INSERT INTO public.fitness_exercise_types (id, exercise_id, exercisetype_id) VALUES (2, 'fcae1fd6-d15c-4c38-b559-e1253775a05b', '0f07209f-ce6b-49b3-9f22-fd9c7ed1ab48');
INSERT INTO public.fitness_exercise_types (id, exercise_id, exercisetype_id) VALUES (3, '7a0f6e96-57b7-40b6-b27f-4e3f088c47ca', '0f07209f-ce6b-49b3-9f22-fd9c7ed1ab48');
INSERT INTO public.fitness_exercise_types (id, exercise_id, exercisetype_id) VALUES (4, 'e0b662a7-3801-480f-950e-17fd96badd13', '0f07209f-ce6b-49b3-9f22-fd9c7ed1ab48');
INSERT INTO public.fitness_exercise_types (id, exercise_id, exercisetype_id) VALUES (5, '0ae8d7c4-6785-4fa9-9a6b-b60f657a0eab', '0f07209f-ce6b-49b3-9f22-fd9c7ed1ab48');
INSERT INTO public.fitness_exercise_types (id, exercise_id, exercisetype_id) VALUES (6, '22c41f6a-69a0-432e-9cb6-ec8ec20d1049', '967ae69f-604c-4d8c-b135-e1837fb0d84b');
INSERT INTO public.fitness_exercise_types (id, exercise_id, exercisetype_id) VALUES (7, 'a33ebc0f-26fb-4031-ab40-268e62e27cb9', '689a0bae-1734-4174-a11d-d670aad52291');
INSERT INTO public.fitness_exercise_types (id, exercise_id, exercisetype_id) VALUES (8, 'a33ebc0f-26fb-4031-ab40-268e62e27cb9', '0f07209f-ce6b-49b3-9f22-fd9c7ed1ab48');
INSERT INTO public.fitness_exercise_types (id, exercise_id, exercisetype_id) VALUES (9, 'c89ff951-a57d-471f-8149-b791f4679dc5', '0f07209f-ce6b-49b3-9f22-fd9c7ed1ab48');
INSERT INTO public.fitness_exercise_types (id, exercise_id, exercisetype_id) VALUES (10, '4fc3c5da-a928-4b88-a670-80afe057bad5', '689a0bae-1734-4174-a11d-d670aad52291');
INSERT INTO public.fitness_exercise_types (id, exercise_id, exercisetype_id) VALUES (11, '4fc3c5da-a928-4b88-a670-80afe057bad5', '0f07209f-ce6b-49b3-9f22-fd9c7ed1ab48');
INSERT INTO public.fitness_exercise_types (id, exercise_id, exercisetype_id) VALUES (12, '4042036c-f5be-43a0-8bb5-281baeef3576', '0f07209f-ce6b-49b3-9f22-fd9c7ed1ab48');
INSERT INTO public.fitness_exercise_types (id, exercise_id, exercisetype_id) VALUES (13, '51e2b73d-b2db-40a0-98cf-bd2fe0f5c038', '0f07209f-ce6b-49b3-9f22-fd9c7ed1ab48');
INSERT INTO public.fitness_exercise_types (id, exercise_id, exercisetype_id) VALUES (14, '69949b6e-5f5b-4c55-9517-38720807b747', '0f07209f-ce6b-49b3-9f22-fd9c7ed1ab48');
INSERT INTO public.fitness_exercise_types (id, exercise_id, exercisetype_id) VALUES (15, 'ed22b807-8824-44f4-986b-138366134322', '0f07209f-ce6b-49b3-9f22-fd9c7ed1ab48');
INSERT INTO public.fitness_exercise_types (id, exercise_id, exercisetype_id) VALUES (16, '6fd8a488-76d5-49c3-b6d5-6f072d07b287', '0f07209f-ce6b-49b3-9f22-fd9c7ed1ab48');
INSERT INTO public.fitness_exercise_types (id, exercise_id, exercisetype_id) VALUES (17, '323efdd9-2c39-4dfa-9de1-24a836b6b82b', '689a0bae-1734-4174-a11d-d670aad52291');
INSERT INTO public.fitness_exercise_types (id, exercise_id, exercisetype_id) VALUES (18, '323efdd9-2c39-4dfa-9de1-24a836b6b82b', '0f07209f-ce6b-49b3-9f22-fd9c7ed1ab48');
INSERT INTO public.fitness_exercise_types (id, exercise_id, exercisetype_id) VALUES (19, '99e68eff-4116-4894-8a51-70e49404fff7', '689a0bae-1734-4174-a11d-d670aad52291');
INSERT INTO public.fitness_exercise_types (id, exercise_id, exercisetype_id) VALUES (20, '99e68eff-4116-4894-8a51-70e49404fff7', '0f07209f-ce6b-49b3-9f22-fd9c7ed1ab48');
INSERT INTO public.fitness_exercise_types (id, exercise_id, exercisetype_id) VALUES (21, '16e47117-87f2-4305-9de8-f31bc83765d7', '0f07209f-ce6b-49b3-9f22-fd9c7ed1ab48');
INSERT INTO public.fitness_exercise_types (id, exercise_id, exercisetype_id) VALUES (22, '059383f4-6e2b-4d9f-90f2-bb17781fa2a4', '689a0bae-1734-4174-a11d-d670aad52291');
INSERT INTO public.fitness_exercise_types (id, exercise_id, exercisetype_id) VALUES (23, '059383f4-6e2b-4d9f-90f2-bb17781fa2a4', '0f07209f-ce6b-49b3-9f22-fd9c7ed1ab48');
INSERT INTO public.fitness_exercise_types (id, exercise_id, exercisetype_id) VALUES (24, 'c28a23d6-18ef-4bec-99b9-3020b2b430e5', '0f07209f-ce6b-49b3-9f22-fd9c7ed1ab48');
INSERT INTO public.fitness_exercise_types (id, exercise_id, exercisetype_id) VALUES (25, 'de14fb5e-ba32-4f08-b69a-5a0722a81ba1', '689a0bae-1734-4174-a11d-d670aad52291');
INSERT INTO public.fitness_exercise_types (id, exercise_id, exercisetype_id) VALUES (26, 'de14fb5e-ba32-4f08-b69a-5a0722a81ba1', '0f07209f-ce6b-49b3-9f22-fd9c7ed1ab48');
INSERT INTO public.fitness_exercise_types (id, exercise_id, exercisetype_id) VALUES (27, '4c5c6ca4-e190-4bd3-b05a-b445c324a680', '0f07209f-ce6b-49b3-9f22-fd9c7ed1ab48');
INSERT INTO public.fitness_exercise_types (id, exercise_id, exercisetype_id) VALUES (28, '55806bfc-4993-4d55-a81c-0e1dc7016b98', '689a0bae-1734-4174-a11d-d670aad52291');
INSERT INTO public.fitness_exercise_types (id, exercise_id, exercisetype_id) VALUES (29, '55806bfc-4993-4d55-a81c-0e1dc7016b98', '0f07209f-ce6b-49b3-9f22-fd9c7ed1ab48');
INSERT INTO public.fitness_exercise_types (id, exercise_id, exercisetype_id) VALUES (30, '322b17d4-9f5c-404e-82c4-774e06620a72', '0f07209f-ce6b-49b3-9f22-fd9c7ed1ab48');
INSERT INTO public.fitness_exercise_types (id, exercise_id, exercisetype_id) VALUES (31, 'a0eef689-04c5-4faa-a9ae-74305164e830', '689a0bae-1734-4174-a11d-d670aad52291');
INSERT INTO public.fitness_exercise_types (id, exercise_id, exercisetype_id) VALUES (32, 'a0eef689-04c5-4faa-a9ae-74305164e830', '0f07209f-ce6b-49b3-9f22-fd9c7ed1ab48');
INSERT INTO public.fitness_exercise_types (id, exercise_id, exercisetype_id) VALUES (33, 'dd3734b1-f939-4af0-8a20-8104f60345ff', '0f07209f-ce6b-49b3-9f22-fd9c7ed1ab48');
INSERT INTO public.fitness_exercise_types (id, exercise_id, exercisetype_id) VALUES (34, 'e52463a7-3efa-4938-a57f-b7796430388a', '689a0bae-1734-4174-a11d-d670aad52291');
INSERT INTO public.fitness_exercise_types (id, exercise_id, exercisetype_id) VALUES (35, 'e52463a7-3efa-4938-a57f-b7796430388a', '0f07209f-ce6b-49b3-9f22-fd9c7ed1ab48');
INSERT INTO public.fitness_exercise_types (id, exercise_id, exercisetype_id) VALUES (36, 'd937722a-fb94-4c9b-9def-aebc7d11edb3', '0f07209f-ce6b-49b3-9f22-fd9c7ed1ab48');
INSERT INTO public.fitness_exercise_types (id, exercise_id, exercisetype_id) VALUES (37, '552c548a-9fb7-41bc-9c9a-aeb3057a1cf9', '0f07209f-ce6b-49b3-9f22-fd9c7ed1ab48');
INSERT INTO public.fitness_exercise_types (id, exercise_id, exercisetype_id) VALUES (38, 'd799c1e1-55ff-4f0f-9777-b68338796324', '0f07209f-ce6b-49b3-9f22-fd9c7ed1ab48');
INSERT INTO public.fitness_exercise_types (id, exercise_id, exercisetype_id) VALUES (39, '631cec69-e127-4049-839c-3b24b5924a55', '689a0bae-1734-4174-a11d-d670aad52291');
INSERT INTO public.fitness_exercise_types (id, exercise_id, exercisetype_id) VALUES (40, '631cec69-e127-4049-839c-3b24b5924a55', '0f07209f-ce6b-49b3-9f22-fd9c7ed1ab48');

-- WORKOUTS
---- Training Types
INSERT INTO public.fitness_trainingtype (id, name) VALUES ('4730adb1-8a58-4fad-a5d0-de8208ded8d3', 'Hypertrophy');
INSERT INTO public.fitness_trainingtype (id, name) VALUES ('f21a3eab-2f11-4019-ae89-f32823033c81', 'Strength');
INSERT INTO public.fitness_trainingtype (id, name) VALUES ('bf02c5e6-c5c3-401a-96e6-2350c6650d41', 'Endurance');
---- Workouts
INSERT INTO public.fitness_workout (id, name, description, variant, target, link_to_image, link_to_thumbnail, type_id) VALUES ('4ae8cd2f-d06b-4d0f-8e50-619aa26485e3', 'Full Body Burn', 'A well-rounded routine that hits every major muscle group to give you a total body burn.', 'FB1', 'Full Body', 'https://ensaludoptima-images.s3.amazonaws.com/exercises/main/barbell-back-squat.jpg', 'https://ensaludoptima-images.s3.amazonaws.com/exercises/thumbnail/barbell-back-squat-thumbnail.jpg', '4730adb1-8a58-4fad-a5d0-de8208ded8d3');
INSERT INTO public.fitness_workout (id, name, description, variant, target, link_to_image, link_to_thumbnail, type_id) VALUES ('4b8da811-5d52-45e8-b9ea-ade2c0030728', 'Lower Body Powerhouse', 'Target those legs and glutes with an intensive lower body session.', 'LB1', 'Lower Body', 'https://ensaludoptima-images.s3.amazonaws.com/exercises/main/glute-bridge.jpg', 'https://ensaludoptima-images.s3.amazonaws.com/exercises/thumbnail/glute-bridge-thumbnail.jpg', '4730adb1-8a58-4fad-a5d0-de8208ded8d3');
INSERT INTO public.fitness_workout (id, name, description, variant, target, link_to_image, link_to_thumbnail, type_id) VALUES ('042d0de7-7fb9-413e-9a7e-b99139198b0a', 'Upper Body Builder', 'A workout designed to sculpt the upper body for both strength and aesthetics.', 'UB1', 'Upper Body', 'https://ensaludoptima-images.s3.amazonaws.com/exercises/main/dumbbell-row.jpg', 'https://ensaludoptima-images.s3.amazonaws.com/exercises/thumbnail/dumbbell-row-thumbnail.jpg', '4730adb1-8a58-4fad-a5d0-de8208ded8d3');
INSERT INTO public.fitness_workout (id, name, description, variant, target, link_to_image, link_to_thumbnail, type_id) VALUES ('a1715eb8-dfd2-44b3-b446-35305459968c', 'Push-Pull Dynamics', 'Target muscles in a balanced push-pull dynamic, ensuring balanced development.', 'PP1', 'Mixed muscles', 'https://ensaludoptima-images.s3.amazonaws.com/exercises/main/overhead-tricep-extension.jpg', 'https://ensaludoptima-images.s3.amazonaws.com/exercises/thumbnail/overhead-tricep-extension-thumbnail.jpg', '4730adb1-8a58-4fad-a5d0-de8208ded8d3');
INSERT INTO public.fitness_workout (id, name, description, variant, target, link_to_image, link_to_thumbnail, type_id) VALUES ('84fa4f2c-6094-4d58-a68e-9363757897f7', 'Total Body Toning', 'This workout offers a comprehensive approach to hitting all major muscle groups, ensuring you get a full-body experience.', 'FB2', 'Full Body', 'https://ensaludoptima-images.s3.amazonaws.com/exercises/main/lunge.jpg', 'https://ensaludoptima-images.s3.amazonaws.com/exercises/thumbnail/lunge-thumbnail.jpg', '4730adb1-8a58-4fad-a5d0-de8208ded8d3');
INSERT INTO public.fitness_workout (id, name, description, variant, target, link_to_image, link_to_thumbnail, type_id) VALUES ('a862a267-ee20-4575-b169-bc073b1be9ae', 'Leg Day Deluxe', 'Focusing primarily on the lower body, this workout is designed to strengthen and tone your legs and glutes.', 'LB2', 'Lower Body', 'https://ensaludoptima-images.s3.amazonaws.com/exercises/main/good-mornings.jpg', 'https://ensaludoptima-images.s3.amazonaws.com/exercises/thumbnail/good-mornings-thumbnail.jpg', '4730adb1-8a58-4fad-a5d0-de8208ded8d3');
INSERT INTO public.fitness_workout (id, name, description, variant, target, link_to_image, link_to_thumbnail, type_id) VALUES ('9c47a99b-e9bc-4c59-b0a0-0e4260ef939a', 'Upper Body Blast', 'A session designed to push the upper body muscles, aiming for strength and muscular endurance.', 'UB2', 'Upper Body', 'https://ensaludoptima-images.s3.amazonaws.com/exercises/main/pull-up.jpg', 'https://ensaludoptima-images.s3.amazonaws.com/exercises/thumbnail/pull-up-thumbnail.jpg', '4730adb1-8a58-4fad-a5d0-de8208ded8d3');
INSERT INTO public.fitness_workout (id, name, description, variant, target, link_to_image, link_to_thumbnail, type_id) VALUES ('8456c06a-61fb-44d3-8980-d510b41f9957', 'Strength & Sculpt', 'Combining foundational strength exercises with isolation movements, this routine aims to build muscle while also sculpting it.', 'MX1', 'Mixed muscles', 'https://ensaludoptima-images.s3.amazonaws.com/exercises/main/hanging-leg-raise.jpg', 'https://ensaludoptima-images.s3.amazonaws.com/exercises/thumbnail/hanging-leg-raise-thumbnail.jpg', '4730adb1-8a58-4fad-a5d0-de8208ded8d3');
INSERT INTO public.fitness_workout (id, name, description, variant, target, link_to_image, link_to_thumbnail, type_id) VALUES ('2640c6de-386b-4474-8bfa-f1d4eb8c4d52', 'Full Spectrum Fitness', 'Engage your entire body with a workout that touches on every muscle group, guaranteeing a holistic exercise experience.', 'FB3', 'Full Body', 'https://ensaludoptima-images.s3.amazonaws.com/exercises/main/step-up.jpg', 'https://ensaludoptima-images.s3.amazonaws.com/exercises/thumbnail/step-up-thumbnail.jpg', '4730adb1-8a58-4fad-a5d0-de8208ded8d3');
INSERT INTO public.fitness_workout (id, name, description, variant, target, link_to_image, link_to_thumbnail, type_id) VALUES ('18eb35e8-2b69-412d-a60c-6322d916287e', 'Lower Body Lift', 'Strengthen and tone your lower body muscles with a mix of dynamic and isolation exercises.', 'LB3', 'Lower Body', 'https://ensaludoptima-images.s3.amazonaws.com/exercises/main/single-leg-deadlift.jpg', 'https://ensaludoptima-images.s3.amazonaws.com/exercises/thumbnail/single-leg-deadlift-thumbnail.jpg', '4730adb1-8a58-4fad-a5d0-de8208ded8d3');
INSERT INTO public.fitness_workout (id, name, description, variant, target, link_to_image, link_to_thumbnail, type_id) VALUES ('fd52198e-1179-471b-8618-434a44f837db', 'Upper Echelon Upper Body', 'Concentrate on the upper body with a blend of compound and targeted exercises for a balanced workout.', 'UB3', 'Upper Body', 'https://ensaludoptima-images.s3.amazonaws.com/exercises/thumbnail/reverse-fly-thumbnail.jpg', 'https://ensaludoptima-images.s3.amazonaws.com/exercises/thumbnail/reverse-fly-thumbnail.jpg', '4730adb1-8a58-4fad-a5d0-de8208ded8d3');
INSERT INTO public.fitness_workout (id, name, description, variant, target, link_to_image, link_to_thumbnail, type_id) VALUES ('744390dc-f86e-47fc-9c45-c8bac3c168d8', 'Isolate & Activate', 'Dive deep into the art of muscle isolation, focusing on the finer details of each muscle group for a sculpted look.', 'MX2', 'Mixed muscles', 'https://ensaludoptima-images.s3.amazonaws.com/exercises/main/plank.jpg', 'https://ensaludoptima-images.s3.amazonaws.com/exercises/thumbnail/plank-thumbnail.jpg', '4730adb1-8a58-4fad-a5d0-de8208ded8d3');
INSERT INTO public.fitness_workout (id, name, description, variant, target, link_to_image, link_to_thumbnail, type_id) VALUES ('e251aa14-b65c-43f0-92d7-0a173d47c28c', 'Rest Day', 'Resting allows the body to recover from the stresses of exercise, repairing muscle tissue and reducing the risk of injury. It also helps replenish energy stores and ensures optimal performance in subsequent workouts.', 'Rest', 'Full Body', 'https://ensaludoptima-images.s3.amazonaws.com/exercises/main/rest.jpg', 'https://ensaludoptima-images.s3.amazonaws.com/exercises/thumbnail/rest-thumbnail.jpg', '4730adb1-8a58-4fad-a5d0-de8208ded8d3');

-- PROGRAMS
---- Types
INSERT INTO public.fitness_program_types (id, program_id, trainingtype_id) VALUES (1, '7402521b-1668-4197-9284-b18f1dcf9488', '4730adb1-8a58-4fad-a5d0-de8208ded8d3');
INSERT INTO public.fitness_program_types (id, program_id, trainingtype_id) VALUES (2, 'ed8cd549-12da-4fd7-af23-3703f61bc506', '4730adb1-8a58-4fad-a5d0-de8208ded8d3');
INSERT INTO public.fitness_program_types (id, program_id, trainingtype_id) VALUES (3, '24dbeaa4-e403-46a6-8027-b914c321f9db', '4730adb1-8a58-4fad-a5d0-de8208ded8d3');
INSERT INTO public.fitness_program_types (id, program_id, trainingtype_id) VALUES (4, '47d452f0-1f8c-4d7e-8644-281247aa4e8a', '4730adb1-8a58-4fad-a5d0-de8208ded8d3');
INSERT INTO public.fitness_program_types (id, program_id, trainingtype_id) VALUES (5, '6208fd9c-f477-4ddb-b57c-eac1813795ca', '4730adb1-8a58-4fad-a5d0-de8208ded8d3');
INSERT INTO public.fitness_program_types (id, program_id, trainingtype_id) VALUES (6, '29153473-448f-484a-9c4e-d363d1c3e968', '4730adb1-8a58-4fad-a5d0-de8208ded8d3');
---- Programs
INSERT INTO public.fitness_program (id, name, description, sequence, duration, link_to_image, link_to_thumbnail) VALUES ('7402521b-1668-4197-9284-b18f1dcf9488', 'Comprehensive Full-Body Mastery', 'Dive into a robust six-week regimen designed to harness the strength and endurance of all your major muscle groups, culminating in masterful control over your full body.', 'Weekly', 4, 'https://ensaludoptima-images.s3.amazonaws.com/exercises/main/barbell-back-squat.jpg', 'https://ensaludoptima-images.s3.amazonaws.com/exercises/thumbnail/barbell-back-squat-thumbnail.jpg');
INSERT INTO public.fitness_program (id, name, description, sequence, duration, link_to_image, link_to_thumbnail) VALUES ('24dbeaa4-e403-46a6-8027-b914c321f9db', 'Lower Body Blitz', 'A concentrated four-week program focusing on the pillars of your physique, targeting the legs and glutes. Prepare for a power-packed transformation down below!', 'Weekly', 4, 'https://ensaludoptima-images.s3.amazonaws.com/exercises/main/glute-bridge.jpg', 'https://ensaludoptima-images.s3.amazonaws.com/exercises/thumbnail/glute-bridge-thumbnail.jpg');
INSERT INTO public.fitness_program (id, name, description, sequence, duration, link_to_image, link_to_thumbnail) VALUES ('29153473-448f-484a-9c4e-d363d1c3e968', 'Upper Body Enhancer', 'Crafted for those wanting to amplify their upper body aesthetics and strength, this four-week regimen will sculpt, tone, and empower your torso and arms.', 'Weekly', 4, 'https://ensaludoptima-images.s3.amazonaws.com/exercises/main/dumbbell-row.jpg', 'https://ensaludoptima-images.s3.amazonaws.com/exercises/thumbnail/dumbbell-row-thumbnail.jpg');
INSERT INTO public.fitness_program (id, name, description, sequence, duration, link_to_image, link_to_thumbnail) VALUES ('47d452f0-1f8c-4d7e-8644-281247aa4e8a', 'The Balanced Body Program', 'Over five weeks, experience a harmonious blend of total body toning and focused upper body strengthening, achieving a balanced and symmetrical physique.', 'Cycle', 5, 'https://ensaludoptima-images.s3.amazonaws.com/exercises/main/lunge.jpg', 'https://ensaludoptima-images.s3.amazonaws.com/exercises/thumbnail/lunge-thumbnail.jpg');
INSERT INTO public.fitness_program (id, name, description, sequence, duration, link_to_image, link_to_thumbnail) VALUES ('6208fd9c-f477-4ddb-b57c-eac1813795ca', 'The Ultimate Transformation', 'As the name suggests, undergo a transformative journey over six weeks. Combining full-body routines with specialized sessions, it''s a comprehensive overhaul of strength, tone, and endurance.', 'Cycle', 6, 'https://ensaludoptima-images.s3.amazonaws.com/exercises/main/deadlift.jpg', 'https://ensaludoptima-images.s3.amazonaws.com/exercises/thumbnail/deadlift-thumbnail.jpg');
INSERT INTO public.fitness_program (id, name, description, sequence, duration, link_to_image, link_to_thumbnail) VALUES ('ed8cd549-12da-4fd7-af23-3703f61bc506', 'Core Centric Circuit', 'Zero in on the foundation of all movements: the core. This four-week program intertwines ab-focused exercises with other routines, amplifying core strength and stability.', 'Cycle', 4, 'https://ensaludoptima-images.s3.amazonaws.com/exercises/main/hanging-leg-raise.jpg', 'https://ensaludoptima-images.s3.amazonaws.com/exercises/thumbnail/hanging-leg-raise-thumbnail.jpg');
